tarih,usdtry,tufe,faiz
2011-01,1.55381905,147.77049445658335,6.43857143
2011-02,1.58283,148.84680747754308,6.25
2011-03,1.57466957,149.469936068625,6.25
2011-04,1.51561905,150.7647487254188,6.26761905
2011-05,1.56415714,154.4145019017561,6.25
2011-06,1.59401364,152.20522780610185,6.25
2011-07,1.64671429,151.58209921501987,6.25
2011-08,1.7442381,152.68268997329443,5.89190476
2011-09,1.78651905,153.8318362061989,5.75
2011-10,1.82708095,158.86542040948441,6.01047619
2011-11,1.80378421,161.60880472606613,6.56
2011-12,1.85885,162.5394513231366,7.88090909
2012-01,1.83893636,163.45391276199723,8.87409091
2012-02,1.75109048,164.3764667799627,7.62142857
2012-03,1.77929545,165.0562434247795,8.14545455
2012-04,1.77984,167.55685036821234,8.7525
2012-05,1.79695455,167.20077688759406,9.745
2012-06,1.81607143,165.70364975317634,9.14666667
2012-07,1.80488636,165.32329853524308,8.04636364
2012-08,1.78584,166.24585255320875,6.7585
2012-09,1.79563,167.9614793234604,6.14
2012-10,1.79414,171.25515901917933,5.7965
2012-11,1.78545,171.9025653475763,5.68863636
2012-12,1.77909048,172.55806425507802,5.57428571
2013-01,1.76385909,175.39855952091926,5.61272727
2013-02,1.769925,175.92457716274177,5.5475
2013-03,1.80719524,177.0899085538562,5.54952381
2013-04,1.79647143,177.83442583151242,5.52571429
2013-05,1.82277727,178.09338836287125,4.83545455
2013-06,1.89451,179.45294165250456,5.007
2013-07,1.93048261,180.01132961074688,5.30347826
2013-08,1.95470526,179.82520029133292,6.62263158
2013-09,2.01714762,181.20093873917617,6.36333333
2013-10,1.99031667,184.46224811847537,6.23666667
2013-11,2.02174762,184.4784332766852,6.50761905
2013-12,2.05784091,185.32815408270605,6.84227273
2014-01,2.21683636,188.99409241725326,7.50363636
2014-02,2.21276,189.80335032774948,10.0705
2014-03,2.21779524,191.93979121145907,10.20095238
2014-04,2.12747143,194.52132394594153,10.04619048
2014-05,2.090805,195.29011896091285,9.891
2014-06,2.11572381,195.89706239378486,9.42857143
2014-07,2.118675,196.78724609533046,8.6
2014-08,2.15827143,196.97337541474474,8.28238095
2014-09,2.20357727,197.24852310431328,8.34090909
2014-10,2.25831,200.99538722991014,8.388
2014-11,2.233575,201.35955328963342,8.292
2014-12,2.28766522,200.4693695880877,8.50826087
2015-01,2.32834286,202.678643683742,8.24809524
2015-02,2.455225,204.12721534353003,7.9245
2015-03,2.58384091,206.54689649591327,7.79681818
2015-04,2.64814286,209.91340940357696,8.05095238
2015-05,2.64613684,211.09492595290124,8.26157895
2015-06,2.70115909,210.01052035283632,8.455
2015-07,2.69460455,210.19664967225046,8.48227273
2015-08,2.84555714,211.03827789916636,8.64
2015-09,3.002715,212.92384883062238,8.882
2015-10,2.92957619,216.23371368455113,8.81904762
2015-11,2.87128571,217.67419276523418,8.71904762
2015-12,2.91723478,218.127377195112,8.79217391
2016-01,3.00695,222.09274095654274,8.9145
2016-02,2.9406619,222.04418548191308,9.05714286
2016-03,2.89173913,221.95516711175847,8.95391304
2016-04,2.8347381,223.69507161932512,8.66428571
2016-05,2.92659524,224.98988427611874,8.50333333
2016-06,2.91698636,226.05001213886862,8.34272727
2016-07,2.95755556,228.68010034798075,8.11555556
2016-08,2.96286364,228.016508861374,7.99181818
2016-09,2.9601,228.42923039572707,7.83944444
2016-10,3.06794286,231.71481751234109,7.76666667
2016-11,3.26745,232.9125192198753,7.88136364
2016-12,3.48892727,236.7403091365219,8.28136364
2017-01,3.73488636,242.56696609209345,8.925
2017-02,3.67236,244.53346281459906,10.3715
2017-03,3.66594348,247.01788459982183,10.97608696
2017-04,3.653835,250.24682366270133,11.5125
2017-05,3.5638619,251.36359957918586,11.9247619
2017-06,3.51899,250.69191551347419,11.96
2017-07,3.55986667,251.06417415230231,11.94857143
2017-08,3.50936957,252.3670793882011,11.975
2017-09,3.46547143,254.00987294650798,11.99473684
2017-10,3.66225909,259.2862345229423,11.95954545
2017-11,3.87905,263.1544873351137,12.05227273
2017-12,3.84770476,264.9591324755199,12.51190476
2018-01,3.7723087,267.6620538965769,12.75
2018-02,3.77802,269.6204580399773,12.75
2018-03,3.88087727,272.2991017237194,12.75
2018-04,4.0530381,277.3974265598445,12.8625
2018-05,4.39787391,281.89690054220284,14.31818182
2018-06,4.62822,289.26114752771707,17.315
2018-07,4.74800909,290.85538561139447,17.75045455
2018-08,5.73019444,297.531763372987,18.29722222
2018-09,6.36687,316.290361738286,21.8775
2018-10,5.85937273,324.7309217447601,24.00363636
2018-11,5.37349091,320.04531844298765,24.0
2018-12,5.30612381,318.75050578619386,24.00619048
2019-01,5.36939091,322.1412964311726,24.00363636
2019-02,5.262055,322.65922149388996,24.0
2019-03,5.4419381,325.97717892692384,24.19380952
2019-04,5.73577143,331.49631787650725,24.52095238
2019-05,6.04944545,334.644331148337,24.48545455
2019-06,5.81193529,334.73334951849154,23.91705882
2019-07,5.67217727,339.2732863963744,23.27136364
2019-08,5.62478889,342.1866148741603,19.605
2019-09,5.71279524,345.58549809824376,17.81142857
2019-10,5.78454091,352.5046532329853,15.76454545
2019-11,5.73122857,353.84802136440874,13.72285714
2019-12,5.83762727,356.4781095735211,12.62136364
2020-01,5.91815909,361.2931941409728,11.20318182
2020-02,6.04447,362.5637290604514,10.837
2020-03,6.31443182,364.63542931132145,10.11636364
2020-04,6.81895238,367.7510722667314,9.01857143
2020-05,6.95194706,372.760378732702,8.26705882
2020-06,6.80883182,376.98470502549156,7.66045455
2020-07,6.85109524,379.18588654204075,7.54952381
2020-08,7.25219,382.46338107955,9.049
2020-09,7.50778182,386.18596746783186,10.45363636
2020-10,7.87388095,394.41612041757696,12.18190476
2020-11,8.00332381,403.479809015133,14.53857143
2020-12,7.72106522,408.5214857975237,15.28521739
2021-01,7.393975,415.3920854576353,17.0
2021-02,7.072365,419.163227320547,17.0015
2021-03,7.62823478,423.67079388201006,17.63086957
2021-04,8.15502381,430.7841709152705,19.0
2021-05,8.34225,434.611960831917,19.0
2021-06,8.59668182,443.0525208383911,19.0
2021-07,8.61294118,451.04798899409246,19.0
2021-08,8.47571429,456.09775835558804,19.0
2021-09,8.51188182,461.81111920369,18.86227273
2021-10,9.139945,472.8655822610664,17.677
2021-11,10.52326364,489.471554584446,15.70818182
2021-12,13.52849565,555.9197216152786,14.60217391
2022-01,13.5192619,617.6499150279194,14.0
2022-02,13.621125,647.349680343125,14.0
2022-03,14.5656087,682.722343610909,14.0
2022-04,14.68356667,732.2084648377439,14.00095238
2022-05,15.62392222,754.0341506838228,14.0
2022-06,16.96471818,791.3733106741117,14.005
2022-07,17.38741667,810.0914461438856,14.00055556
2022-08,17.99495,821.9227967953385,13.71
2022-09,18.28147727,847.2040139192356,12.80954545
2022-10,18.56461429,877.2355749777455,11.64619048
2022-11,18.59089545,902.532977259853,10.36636364
2022-12,18.63696818,913.207089099296,9.00272727
2023-01,18.75757273,973.9257101238163,9.00681818
2023-02,18.82331,1004.5561220360923,8.9705
2023-03,18.9693087,1027.5552318523917,8.51347826
2023-04,19.30225263,1052.067653961317,8.57473684
2023-05,19.68404762,1052.520838391195,8.89857143
2023-06,23.06448947,1093.7848992473898,9.31578947
2023-07,26.4227381,1197.5722262685122,15.31095238
2023-08,26.95057727,1306.3931374929186,18.09227273
2023-09,26.94091905,1368.4874969652826,26.16904762
2023-10,27.79603182,1415.4811038277896,30.27409091
2023-11,28.58558636,1461.9244153111597,35.76681818
2023-12,29.0225619,1504.7179736181927,40.51380952
2024-01,29.9997,1605.5838795824225,42.70318182
2024-02,30.70415238,1678.3037954195997,45.23952381
2024-03,31.92921905,1731.3830217690381,47.28761905
2024-04,32.27132778,1786.436837420085,51.35722222
2024-05,32.18989545,1846.6051630654686,50.54454545
2024-06,32.46274706,1876.9037792344416,50.10647059
2024-07,32.83532727,1937.4443635186524,50.0
2024-08,33.56078095,1985.3848021364404,50.33761905
2024-09,33.96927143,2044.3149631787642,50.71904762
2024-10,34.17101818,2103.1884761673537,50.0
2024-11,34.36471429,2150.3843975074847,50.0
2024-12,34.90382273,2172.493323622238,49.83
2025-01,35.45595909,2281.8240673302585,46.90909091
2025-02,36.09402,2333.6974993930558,45.0
2025-03,36.970675,2391.1062555636486,43.693
2025-04,38.021785,2462.7579509589705,46.96
2025-05,38.685355,2500.396536376141,48.39
2025-06,39.33922632,2534.733349518493,46.87210526
2025-07,40.10610455,2586.9223921663847,45.31818182
2025-08,40.72830952,2639.5727118232558,43.0
2025-09,41.21921364,2724.949421380595,41.55227273
2025-10,41.73025,2794.4403981548908,40.27272727
2025-11,42.17916,2818.6129319414076,39.5
2025-12,42.58609565,2843.6270939548426,38.58695652
2026-01,43.11246667,2981.168568422753,37.72952381
2026-02,43.585695,3069.5242945930663,37.0
2026-03,44.07372857,3129.029171401642,39.8247619
2026-04,44.64974762,3259.888381006649,40.0
2026-05,45.31505,3315.78690164501,40.0
2026-06,46.13531364,3348.501704046262,40.0
2026-07,46.94943636,3408.2641777241406,40.0
2026-08,47.7388381,3471.117813833632,39.14285714
2026-09,48.51866364,3535.0018374203264,37.00409091
